"FEEDERID","DESCRIPTION","LOCATION","LAT","LON","ROUTELENGHT","FEEDERZONEID","SUBSTATIONID","DESCRIPTION2","CREATEDBY","CREATEDON","RECID"
1056,"MCC","THIS FLOUR MILL INJECTION STATION","4.991365 ","/ 8.33258","","",156,"MCC","",02-AUG-22 09.47.13.000000000 PM,1
1062,"JETTY","","4.7899953"," 7.049004","","",162,"JETTY","",02-AUG-22 09.47.13.000000000 PM,2
1063,"OZUBOKO","","4.7820996","7.0483622","","",162,"OZUBOKO","",02-AUG-22 09.47.13.000000000 PM,3
1064,"ODILI ROAD","","4.8037984","7.0513566","","",163,"ODILI ROAD","",02-AUG-22 09.47.13.000000000 PM,4
1065,"OKURU B","","4.8012118"," 7.052701","","",163,"OKURU","",02-AUG-22 09.47.13.000000000 PM,5
1066,"OKPORO ROAD","START POINT","4.8435308","7.0358981","","",165,"OKPORO ROAD","",02-AUG-22 09.47.13.000000000 PM,6
1067,"R-D ROAD","","4.8478448","7.0350371","","",165,"R-D ROAD","",02-AUG-22 09.47.13.000000000 PM,7
1068,"OKOH ROAD ","","4.8461301","7.0335461","","",165,"OKOH ROAD","",02-AUG-22 09.47.13.000000000 PM,8
1069,"FGC","","4.7957054"," 7.037149","","",411,"FGC","",02-AUG-22 09.47.13.000000000 PM,9
1070,"OBIWALI","","4.8683708","6.9999544","","",411,"OBI WALI","",02-AUG-22 09.47.13.000000000 PM,10
1071,"ELIOGBOLO ","","0.0 / 0.0","0.0 / 0.0","","",166,"ELIOGBOLO","",02-AUG-22 09.47.13.000000000 PM,11
1072,"OMACHI","THE FEEDER STARTS HERE","4.8663481","7.0086866","","",411,"OMACHI","",02-AUG-22 09.47.13.000000000 PM,12
1073,"OGBATAI","","4.8131501"," 7.049004","","",167,"OGBATAI","",02-AUG-22 09.47.13.000000000 PM,13
1074,"NVUIGWE","","4.8164881","7.0483358","","",167,"NVUIGWE","",02-AUG-22 09.47.13.000000000 PM,14
1075,"RIVOC  ","","4.8044922","7.0351128","","",168,"RIVOC","",02-AUG-22 09.47.13.000000000 PM,15
1076,"NDABROS ","","4.8045050","666666665","","",168,"NDA BROS","",02-AUG-22 09.47.13.000000000 PM,16
1077,"FIMIE ","","4.8041265","7.0358057","","",168,"FIMIE","",02-AUG-22 09.47.13.000000000 PM,17
1078,"WATER WORKS","THE FEEDER STARTS HERE","4.8321683","7.0045572","","",168,"WATER WORKS","",02-AUG-22 09.47.13.000000000 PM,18
1079,"NIGER CAT ","","4.8034287","7.0248106","","",169,"NIGER CAT","",02-AUG-22 09.47.13.000000000 PM,19
1080,"AMADI AMA","","4.7982036","7.0325381","","",169,"AMADIAMA","",02-AUG-22 09.47.13.000000000 PM,20
1081,"NKPOGU ","","4.7982036","7.0325381","","",169,"NKPOGU","",02-AUG-22 09.47.13.000000000 PM,21
1082,"ELEKAHIA VILLAGE","ELEKAHIA VILLAGE FEEDER ","4.8114077","7.0091085","","",170,"ELEKAHIA VILLAGE","",02-AUG-22 09.47.13.000000000 PM,22
1083,"ELEKAHIA ESTATE","","4.8150532","7.0204433","","",170,"ELEKAHIA ESTATE","",02-AUG-22 09.47.13.000000000 PM,23
1084,"RUMUOMOI ","FEEDER STARTS OFF POINT","4.8312779","7.0049766","","",171,"RUMUOMOI","",02-AUG-22 09.47.13.000000000 PM,24
1086,"NEW GRA ","","0.0 / 0.0","0.0 / 0.0","","",215,"NEW GRA","",02-AUG-22 09.47.13.000000000 PM,25
1087,"OMERELU ","","4.832423 ","7.0056986","","",171,"OMERELU","",02-AUG-22 09.47.13.000000000 PM,26
1088,"WATER LINES ","","4.83269 /","666666667","","",171,"WATER LINES","",02-AUG-22 09.47.13.000000000 PM,27
1089,"IGWURUTA ROAD","","4.8234176","7.0523669","","",172,"IGWURUTA ROAD","",02-AUG-22 09.47.13.000000000 PM,28
1090,"ELIMGBU ","ELIMGBU FEEDER STARTS HERE","4.8898083"," 7.044299","","",172,"ELIMGBU","",02-AUG-22 09.47.13.000000000 PM,29
1091,"OPM","","4.8986205","7.0026411","","",190,"OPM","",02-AUG-22 09.47.13.000000000 PM,30
1093,"PIPE LINE","","4.8636342","7.0184648","","",190,"PIPELINE","",02-AUG-22 09.47.13.000000000 PM,31
1096,"EBUBU","EBUBU FEEDER ","4.7769882","7.1298453","","",262,"EBUBU","",02-AUG-22 09.47.13.000000000 PM,32
1097,"GLASS FACTORY","","4.8300549"," 7.035473","","",162,"GLASS  FACTORY","",02-AUG-22 09.47.13.000000000 PM,33
1098,"OLD ABA ROAD ","","4.8303123","7.0382503","","",176,"OLD ABA ROAD","",02-AUG-22 09.47.13.000000000 PM,34
109877,"Transamdi Gardens","","4.8022711","7.0377356","","",158,"Transamdi Gardens","",02-AUG-22 09.47.13.000000000 PM,35
1099,"RUMUIBEKWE ","RUMUIBEKWE 11KV FEEDER STARTS HERE","4.8303332","7.0362342","","",176,"RUMUIBEKWE","",02-AUG-22 09.47.13.000000000 PM,36
1100,"RUMUKALAGBO ","","4.7897768","7.0030434","","",176,"RUMUOKALAGBOR","",02-AUG-22 09.47.13.000000000 PM,37
1101,"AGIP ROAD","AGIP ROAD 11KV FEEDER STARTS HERE","4.8134715","6.9865225","","",177,"AGIP ROAD","",02-AUG-22 09.47.13.000000000 PM,38
1102,"ABACHA ROAD ","ABACHA 11KV FEEDER STARTS HERE","4.8199163","6.9855152","","",177,"ABACHA ROAD","",02-AUG-22 09.47.13.000000000 PM,39
1104,"AKER ROAD","Aker Feeder Start Here","4.8064435","6.9396942","","",898,"AKER","",02-AUG-22 09.47.13.000000000 PM,40
1105,"NAVY ","","4.7627522","7.0096942","","",179,"NAVY","",02-AUG-22 09.47.13.000000000 PM,41
1106,"HABOUR ROAD ","","4.7617846","7.0100301","","",179,"HARBOUR ROAD","",02-AUG-22 09.47.13.000000000 PM,42
1108,"UDI","UDI 11KV FEEDER STARTS HERE","4.7892189","6.9992827","","",181,"UDI","",02-AUG-22 09.47.13.000000000 PM,43
1109,"NSUKKA","NSUKKA 11KV FEEDER STARTS HERE","4.7888974","6.9992827","","",181,"NSUKKA","",02-AUG-22 09.47.13.000000000 PM,44
1111,"IKWERE ROAD","","4.7855393","7.0032335","","",182,"IKWERE ROAD","",02-AUG-22 09.47.13.000000000 PM,45
1112,"NEW ROAD ","NEW ROAD 11KV FEEDER BEGIN HERE","4.7406873","7.0308581","","",183,"NEW ROAD","",02-AUG-22 09.47.13.000000000 PM,46
1113,"HAROLD WILSON ","","4.7376009","7.0316938","","",183,"HAROLD WILSON","",02-AUG-22 09.47.13.000000000 PM,47
1114,"AMADI RESIDENTIAL","","0.0 / 0.0","0.0 / 0.0","","",184,"TRANS AMADI RESIDENTIAL","",02-AUG-22 09.47.13.000000000 PM,48
1115,"OLD DIOBU ","","4.7985013","7.0054189","","",184,"OLD DIOBU","",02-AUG-22 09.47.13.000000000 PM,49
1116,"AMADI SOUTH ","starting point of d feeder","4.796273 "," 7.005406","","",184,"AMADI SOUTH","",02-AUG-22 09.47.13.000000000 PM,50
1117,"OWERRI ROAD ","feeder name: OWERRI road","4.7964991","7.0058954","","",184,"OWERRI RD","",02-AUG-22 09.47.13.000000000 PM,51
1118,"MILE ONE ","","4.7962989","7.0047942","","",184,"MILE ONE","",02-AUG-22 09.47.13.000000000 PM,52
1119,"UST","","4.7972773","6.9825975","","",185,"U.S.T","",02-AUG-22 09.47.13.000000000 PM,53
1120109,"NAVAL BASE","","4.7970304","6.9491407","","",898,"NAVAL BASE","",02-AUG-22 09.47.13.000000000 PM,54
1120110,"NKPOR","The feeder starts here","4.7951012","6.9458436","","",898,"NKPOR","",02-AUG-22 09.47.13.000000000 PM,55
1120111,"EAGLE ISLAND","EAGLE ISLAND FEEDER STARTS HERE","4.7805679","6.9647015","","",157,"EAGLE ISLAND","",02-AUG-22 09.47.13.000000000 PM,56
1121,"RUMUEME","","4.7994281","7.0336085","","",185,"RUMUEME","",02-AUG-22 09.47.13.000000000 PM,57
1122,"WOKOMA ","","4.7956653","7.0370478","","",185,"WOKOMA","",02-AUG-22 09.47.13.000000000 PM,58
1123,"NPA","","4.7732494","7.0204433","","",186,"NPA","",02-AUG-22 09.47.13.000000000 PM,59
1124,"STATION ROAD ","","4.7957542","7.0359876","","",186,"STATION ROAD","",02-AUG-22 09.47.13.000000000 PM,60
1125,"AMADI NORTH ","AMADI NORTH 11KV FEEDER STARTS HERE","4.7671286"," 7.021787","","",186,"AMADI NORTH","",02-AUG-22 09.47.13.000000000 PM,61
1126,"CHURCHILL","","4.7669079"," 7.022436","","",186,"CHURCHILL","",02-AUG-22 09.47.13.000000000 PM,62
1128,"RAILWAY ","","4.8696732","7.1519242","","",187,"RAILWAY","",02-AUG-22 09.47.13.000000000 PM,63
1129,"OHAKWE","","4.8670228","6.9629242","","",188,"OHAKWE","",02-AUG-22 09.47.13.000000000 PM,64
1130,"LOCATION ROAD ","this is the feeder point","4.8648612","6.9657084","","",188,"LOCATION","",02-AUG-22 09.47.13.000000000 PM,65
1131,"MGBUOBA ","","4.7957975","7.0509037","","",188,"MGBUOBA","",02-AUG-22 09.47.13.000000000 PM,66
1132,"BAKERY ROAD","","4.8680309","6.9577849","","",907,"BAKERY ROAD","",02-AUG-22 09.47.13.000000000 PM,67
1133,"ALUU ","","4.8985862","6.9069298","","",189,"ALUU","",02-AUG-22 09.47.13.000000000 PM,68
1134,"CHOBA ","","4.8700166","333333334","","",189,"CHOBA","",02-AUG-22 09.47.13.000000000 PM,69
1135,"RUMUEKINI ","","4.8044571","7.0279395","","",189,"RUMUEKINI","",02-AUG-22 09.47.13.000000000 PM,70
1136,"MARKET ROAD ","","4.8678246","6.9180755","","",190,"MARKET ROAD","",02-AUG-22 09.47.13.000000000 PM,71
1137,"ADP ","","4.8964774","6.9918949","","",190,"ADP","",02-AUG-22 09.47.13.000000000 PM,72
1139,"TAP","OYIGBO 11KV FEEDER STARTS HERE","4.8610334","7.0859831","","",192,"TAP","",02-AUG-22 09.47.13.000000000 PM,73
1140,"OLU OBASANJO","","4.8610527","7.0867897","","",192,"OLU OBASANJO","",02-AUG-22 09.47.13.000000000 PM,74
1141,"BRISTOL ","","4.7926713","7.0389223","","",192,"BRISTOL","",02-AUG-22 09.47.13.000000000 PM,75
1142,"ELELENWO ","","4.8610527","7.0867897","","",192,"ELELENWO","",02-AUG-22 09.47.13.000000000 PM,76
1143,"ZENITH ","ZENITH 11KV FEEDER STARTS HERE","4.8606811","7.0872048","","",192,"ZENITH","",02-AUG-22 09.47.13.000000000 PM,77
1144,"MBANO JUNCTION","","4.876729 ","7.1177076","","",193,"MBANO","",02-AUG-22 09.47.13.000000000 PM,78
1145,"FIRST BANK ","FIRST BANK 11KV FEEDER STARTS HERE","4.876729 ","7.1177076","","",193,"FIRST BANK","",02-AUG-22 09.47.13.000000000 PM,79
1146,"OKRIKA ","","4.7661922","7.1013974","","",985,"OKRIKA","",02-AUG-22 09.47.13.000000000 PM,80
1147,"COT GAS","","4.7661922","7.1013974","","",985,"COT GAS","",02-AUG-22 09.47.13.000000000 PM,81
1152,"ESTATE 11KV","","4.8105562"," 6.979632","","",230,"ESTATE 11KV","",02-AUG-22 09.47.13.000000000 PM,82
1153,"AKPAJO","RSTV INJECTION SUBSTATION","4.8276916","333333334","","",196,"AKPAJO","",02-AUG-22 09.47.13.000000000 PM,83
1154,"PALACE ROAD","","4.827558 ","7.0866205","","",196,"PALACE ROAD","",02-AUG-22 09.47.13.000000000 PM,84
1159,"IDORO ROAD","the feeder was known as ITAM INDUSTRIAL 11KV But now is known as IDORO 11KV","5.0517017","7.8903593","","",222,"IDORO ROAD","",02-AUG-22 09.47.13.000000000 PM,85
1160,"MBAK ","connected and working","5.0497874","7.8886582","","",222,"MBAK","",02-AUG-22 09.47.13.000000000 PM,86
1162,"G.R.A","","5.1688916","333333333","","",200,"GRA","",02-AUG-22 09.47.13.000000000 PM,87
1163,"TOWN FEEDER ","","5.16884 /","666666666","","",200,"TOWN FEEDER","",02-AUG-22 09.47.13.000000000 PM,88
1167,"BROOKS","","5.0224252","7.9383459","","",249,"BROOKS","",02-AUG-22 09.47.13.000000000 PM,89
1168,"AKA ITIAM","","5.0224252","7.9383459","","",249,"AKA ITIAM","",02-AUG-22 09.47.13.000000000 PM,90
1170,"AKA ROAD","","5.0210133","999999999","","",202,"AKA ROAD","",02-AUG-22 09.47.13.000000000 PM,91
1171,"SIR UDO UDOMA","","5.019535 ","333333333","","",202,"SIR UDO UDOMA","",02-AUG-22 09.47.13.000000000 PM,92
1172,"IBB AVENUE ","","5.0210233","333333332","","",202,"IBB","",02-AUG-22 09.47.13.000000000 PM,93
1175,"OKON","","4.6509483"," 7.923385","","",204,"OKON","",02-AUG-22 09.47.13.000000000 PM,94
1176,"IKOT IBIOK","","4.6506333","333333334","","",204,"IKOT IBIOK","",02-AUG-22 09.47.13.000000000 PM,95
1177,"QUA RIVER","","4.6509766","333333336","","",204,"QUA RIVER","",02-AUG-22 09.47.13.000000000 PM,96
1178,"RCC","","4.6483099","666666667","","",248,"RCC","",02-AUG-22 09.47.13.000000000 PM,97
1179,"AFAHA UQUA","START POINT","4.6479333","666666675","","",248,"AFAHA UQUA","",02-AUG-22 09.47.13.000000000 PM,98
1180,"MARITIME","PLEASE NOTE THAT  MARITIME 11KV FRD UNDER ORON 1X7.5MVA ISS IS USED TO MAP UDOM EYO 11KV FDR UNDER ONNA ISS","4.6383062","7.9159439","","",206,"MARITIME","",02-AUG-22 09.47.13.000000000 PM,99
1181,"MARY HARNEY","","4.7979635","8.2082351","","",206,"MARY HANNEY","",02-AUG-22 09.47.13.000000000 PM,100
1182,"IKOT AKAN","","4.5767516","666666666","","",207,"IKOT AKAN","",02-AUG-22 09.47.13.000000000 PM,101
1183,"IBEKWE","START POINT OF IBEKWE FEEDER 11KV","4.5783081","7.5787088","","",207,"IBEKWE ","",02-AUG-22 09.47.13.000000000 PM,102
1184,"PORT HARCOURT ROAD","","4.614875 ","666666665","","",208,"PORT HARCOURT ROAD","",02-AUG-22 09.47.13.000000000 PM,103
1186,"ESUK UTAN","Injection Station  Esuk Utan","0.0 / 0.0","0.0 / 0.0","","",209,"ESUK UTAN","",02-AUG-22 09.47.13.000000000 PM,104
1187,"FEDERAL HOUSING","Federal housing feeder begins here","5.0134416","666666666","","",209,"FED HOUSING","",02-AUG-22 09.47.13.000000000 PM,105
1188,"8 MILES","","0.0 / 0.0","0.0 / 0.0","","",209,"8 MILES","",02-AUG-22 09.47.13.000000000 PM,106
1190,"INDUSTRIAL","Industrial feeder starting Point","4.9914933"," 8.332625","","",217,"INDUSTRIAL","",02-AUG-22 09.47.13.000000000 PM,107
1191,"ESSIEN TOWN","","4.9924294","8.3305756","","",217,"ESSIEN II","",02-AUG-22 09.47.13.000000000 PM,108
1194,"UNICAL_A","","4.9530588","8.3394474","","",211,"UNICAL","",02-AUG-22 09.47.13.000000000 PM,109
1195,"CAMEROUN ","","4.9529931","8.3394768","","",211,"CAMEROUN","",02-AUG-22 09.47.13.000000000 PM,110
1196,"TARGET","","4.9530588","8.3394474","","",211,"TARGET","",02-AUG-22 09.47.13.000000000 PM,111
1197,"GOLDIE","","4.9530588","8.3394474","","",211,"GOLDIE","",02-AUG-22 09.47.13.000000000 PM,112
1200,"MARINE BASE ","MARINE BASE ","4.7796111"," 7.009792","","",213,"MARINE BASE 11KV","",02-AUG-22 09.47.13.000000000 PM,113
1201,"EASTERN BYPASS","","4.7718219","7.0217334","","",213,"EASTERN BYPASS","",02-AUG-22 09.47.13.000000000 PM,114
1202,"SHELL INDUSTRIAL","","4.7957008","7.0369318","","",215,"SHELL INDUSTRIAL","",02-AUG-22 09.47.13.000000000 PM,115
1203,"BORI CAMP ","","4.8328167","7.0051961","","",215,"BORI CAMP","",02-AUG-22 09.47.13.000000000 PM,116
1204,"BARRACKS","","4.8309366","999999999","","",215,"BARRACKS","",02-AUG-22 09.47.13.000000000 PM,117
1205,"RUMUOROLU ","","4.8329973","7.0355349","","",176,"RUMUOROLU","",02-AUG-22 09.47.13.000000000 PM,118
1206,"RUMUOGBA ","START POINT OF RUMUOGBA FEEDER","4.8305724","7.0339576","","",176,"RUMUOGBA","",02-AUG-22 09.47.13.000000000 PM,119
1209,"NSASAK","START POINT","5.02458 /"," 7.934495","","",261,"NSASAK","",02-AUG-22 09.47.13.000000000 PM,120
1214,"AIR FORCE","","4.8346658","7.0140367","","",247,"AIR FORCE","",02-AUG-22 09.47.13.000000000 PM,121
1216,"ACB","ACB FEEDER ","4.769861 ","7.0225426","","",455,"ACB","",02-AUG-22 09.47.13.000000000 PM,122
1217,"FOUR CORNER","Four Corners 11KV Feeder Starting Point","5.9732776","8.7236249","","",219,"FOUR CORNERS","",02-AUG-22 09.47.13.000000000 PM,123
1218,"IKOM TOWN ","","5.9719519","8.7234521","","",219,"IKOM TOWN","",02-AUG-22 09.47.13.000000000 PM,124
1220,"ASCON","FEEDER START POINT","4.5782802","7.5792136","","",207,"ASCON","",02-AUG-22 09.47.13.000000000 PM,125
1221,"SCHOOL OF NURSING","THE FEEDER LINE WENT BACK AND FRONT.","4.8199163","6.9855152","","",177,"SCHOOL OF NURSING","",02-AUG-22 09.47.13.000000000 PM,126
1236,"SECOND AVENUE","","4.787149 ","7.0027887","","",185,"SECOND AVENUE","",02-AUG-22 09.47.13.000000000 PM,127
1237,"NWANIBA","","5.0258005","7.9523055","","",272,"NWANIBA","",02-AUG-22 09.47.13.000000000 PM,128
1240,"OSONG AMA","","5.0271312","7.9489004","","",272,"OSONG AMA","",02-AUG-22 09.47.13.000000000 PM,129
1241,"411","","4.8105562"," 6.979632","","",230,"411","",02-AUG-22 09.47.13.000000000 PM,130
1250,"SHELTER AFRIQUE A","","5.0251393","7.9536675","","",303,"SHELTER AFRIQUE","",02-AUG-22 09.47.13.000000000 PM,131
1256,"ABONNEMA WHARF ","ABONEMA WHARF 11KV FEEDER","4.789164 ","7.0046562","","",455,"ABONEMA WHARF","",02-AUG-22 09.47.13.000000000 PM,132
1258,"RUMUOKWUTA ","","4.8343307","7.0080786","","",171,"RUMUOKWUTA","",02-AUG-22 09.47.13.000000000 PM,133
1259,"EWET","","5.024817 ","7.9536675","","",303,"EWET 3.2","",02-AUG-22 09.47.13.000000000 PM,134
1260,"UOE 11KV FEEDER","UOE 2.5MVA RMU 11kV Feeder start here","4.8064234","6.9355927","","",898,"UOE 11KV FEEDER","",02-AUG-22 09.47.13.000000000 PM,135
1261,"ITC(NOVOTEL)","The Novotel Feeder start here","4.8354977","7.0167895","","",247,"ITC(NOVOTEL)","",02-AUG-22 09.47.13.000000000 PM,136
1262,"IKPA ROAD","","5.0227475","7.9383459","","",201,"IKPA ROAD","",02-AUG-22 09.47.13.000000000 PM,137
1263,"IKOT EKPENE","","5.0224252","7.9383459","","",202,"IKOT EKPENE","",02-AUG-22 09.47.13.000000000 PM,138
1264,"EDEBOM ","","4.9200339","7.9594459","","",456,"EDEBOM 11KV FEEDER","",02-AUG-22 09.47.13.000000000 PM,139
1265,"UYO ROAD","","4.9198509","7.9594728","","",456,"UYO ROAD","",02-AUG-22 09.47.13.000000000 PM,140
1266,"NDU","","4.9717323","6.1107418","","",268,"NDU","",02-AUG-22 09.47.13.000000000 PM,141
1267,"AMASOMA II","","4.9778173","6.1047216","","",268,"AMASOMA II","",02-AUG-22 09.47.13.000000000 PM,142
1268,"CRUTECH","This is CRUTECH 11KV FEEDER emanating  form CRUTECH ISS, but captured under AIRPORT 11KV FEEDER","4.9305342","8.3341464","","",257,"CRUTECH","",02-AUG-22 09.47.13.000000000 PM,143
1269,"LEOPARD B","","4.9875847","8.3319448","","",255,"Leopard","",02-AUG-22 09.47.13.000000000 PM,144
1270,"UKANA","","5.1713695","7.7150242","","",200,"UKANA","",02-AUG-22 09.47.13.000000000 PM,145
1272,"CBN 11kv Feeder","","4.9114468","/ 6.29553","","",292,"CBN 11kv Feeder","",02-AUG-22 09.47.13.000000000 PM,146
1273,"ABONEMA 11KV FEEDER 1","ABONNEMA 1 ISS UPRISER","4.7472085","6.7718851","","",293,"ABONEMA 11KV FEEDER 1","",02-AUG-22 09.47.13.000000000 PM,147
1274,"IKOT OKORO FDR","Note that we are using CHAIRMANS LODGE FDR under Bori Town 1x15MVA to capture IKOT OKORO FDR under ABAK Injection Substation ","4.9781373","7.8011206","","",271,"IKOT OKORO FDR","",02-AUG-22 09.47.13.000000000 PM,148
1275,"UYO Road","This FDR (School rd.)  from Abak ISS is not on the app, hence we use TCC under Bori town 1x15MVA to run it.","4.9799309","7.8009385","","",271,"UYO Road","",02-AUG-22 09.47.13.000000000 PM,149
1276,"UniUyo","","5.0387622","7.9730797","","",269,"UniUyo","",02-AUG-22 09.47.13.000000000 PM,150
1277,"UKANA","we login with Paradise City Main IBC, we use AMIKA 2Ã—15 MVA ISS and we use GOLDIE to capture the 11KV Feeder, and the 11kv feeder Name is UKANA ROAD under UKANA IKOT IDE ISS, This IJSS came out from IKOT EKPENE FEEDER 6, 33kv.","5.150941 ","7.6793377","","",302,"UKANA ROAD","",02-AUG-22 09.47.13.000000000 PM,151
1278,"UDOM EYO","PLEASE NOTE THAT  MARITIME 11KV FRD UNDER ORON 1X7.5MVA ISS IS USED TO MAP UDOM EYO 11KV FDR UNDER ONNA ISS","4.6383062","7.9159439","","",304,"UDOM EYO","",02-AUG-22 09.47.13.000000000 PM,152
1279,"ONNA Hotel Road","FEEDER START POINT","4.6389435","7.9100945","","",304,"ONNA Hotel Road","",02-AUG-22 09.47.13.000000000 PM,153
1280,"ODORO IKOT CLAN","this is ODORO IKOT CLAN Injection Sub Station and we use Sir UDO Udom to Capture the 11kv Feeder and the name of the feeder is ODORO IKOT CLAN 11KV feeder.","5.1498368","7.6241306","","",275,"ODORO IKOT CLAN","",02-AUG-22 09.47.13.000000000 PM,154
1281,"ETE URBAN","This is ABAK TEN MARKET Injection Sub Station and the 11KV FEEDER name is ABAK TEN Feeder and we used TCC to Capture the Feeder.","5.0612411","7.8750512","","",270,"ETE URBAN","",02-AUG-22 09.47.13.000000000 PM,155
1282,"WELLINGTON BASSEY","PLEASE NOTE THAT BROOKS FDR UNDER ORON  ROAD 2X15MVA IS BEING USED TO MAP WELLINGTON BASSEY BARRACK FDR UNDER IBAGWA BARRACK ISS","4.8939544","7.7921472","","",249,"WELLINGTON BASSEY","",02-AUG-22 09.47.13.000000000 PM,156
1283,"Abia Okpo Otoro","This is Abia Okpo Otoro 11KV Injection Sub station but we use Chairman Lodge to capture the feeder","5.0520998","7.8795538","","",279,"Abia Okpo Otoro","",02-AUG-22 09.47.13.000000000 PM,157
1284,"Abak Road","START POINT","4.616479 "," 7.666631","","",208,"Abak Road","",02-AUG-22 09.47.13.000000000 PM,158
1285,"IBAGWA RD FDR","PLEASE NOTE THAT ORON ROAD FDR UNDER ORON ROAD 1X15MVA ISS IS BEING USED TO MAP IBAGWA RD FDR UNDER ABAK ISS","4.9786384","7.8012783","","",271,"IBAGWA RD FDR","",02-AUG-22 09.47.13.000000000 PM,159
1286,"SCHOOL OF NURSING","Note that ABAK RD FDR IK under ORON RD 1X15MVA is being used to map UYO RD 2 under ABAK ISS","4.9770559","7.7988998","","",271,"School Road","",02-AUG-22 09.47.13.000000000 PM,160
1287,"INDONGESIT NKANGA","","5.0205203","7.9094139","","",202,"IDONGESIT NKANGA","",02-AUG-22 09.47.13.000000000 PM,161
1288,"Federal University Otuoke 2","Federal University Otuoke 2 Feeder 11kV","4.7874928","6.3119974","","",291,"Federal University Otuoke 2","",02-AUG-22 09.47.13.000000000 PM,162
1289,"Federal University Otuoke 1","Federal University Otuoke 1 Feeder  11kV","4.7945601","6.3192554","","",291,"Federal University Otuoke 1","",02-AUG-22 09.47.13.000000000 PM,163
1290,"Ogbema","Ogbema 11kV Feeder ","4.8520952","6.6468183","","",300,"Ogbema","",02-AUG-22 09.47.13.000000000 PM,164
1291,"IKOT IDE","we login with Paradise City Main, we used UnknownISS and we use ORON  RD to capture  the 11KV Feeder, and the 11kv feeder Name is IKOT IDE under UKANA IKOT IDE ISS, This IJSS came out from IKOT EKPENE FEEDER 6 33kv.","5.1605763","7.6719368","","",302,"IKOT IDE","",02-AUG-22 09.47.13.000000000 PM,165
1292,"WELLINGTON BASSEY","we login with Paradise City Main , and we use IKOT EKPENE GRA to capture the IKOT EKONG IKA 11KV Feeder, and the 11kv feeder Name is IKOT EKONG IKA, This IJSS came out from ABAK 33kv ","4.9989738","7.5310324","","",261,"WELLINGTON Bassey","",02-AUG-22 09.47.13.000000000 PM,166
1293,"Nigerian Navy Central Command Feeder","Nigerian Navy Central Command Feeder","4.9704778","6.3683161","","",189,"Nigerian Navy Central Command Feeder","",02-AUG-22 09.47.13.000000000 PM,167
1294,"ELELE BARRACKS","start point","5.065096 ","6.7466365","","",297,"ELELE BARRACKS","",02-AUG-22 09.47.13.000000000 PM,168
1295,"MBO 11","","4.7638292"," 8.234337","","",306,"MBO 11","",02-AUG-22 09.47.13.000000000 PM,169
1296,"SAGBAMA ","Start point","5.1603812","6.2022368","","",281,"Sagbama","",02-AUG-22 09.47.13.000000000 PM,170
1297,"OFONI ","Start point","5.1783168","6.2214543","","",281,"Ofoni","",02-AUG-22 09.47.13.000000000 PM,171
1298,"Ogbolomabiri","","4.5366341","6.4019718","","",285,"Ogbolomabiri","",02-AUG-22 09.47.13.000000000 PM,172
1299,"Bassambiri","Start point","4.9162578"," 6.305169","","",285,"Bassambiri","",02-AUG-22 09.47.13.000000000 PM,173
1300,"Odoni","","5.2434559","6.3790218","","",283,"Odoni","",02-AUG-22 09.47.13.000000000 PM,174
1301,"Kaiama","","5.1224361","6.2978197","","",282,"Kaiama","",02-AUG-22 09.47.13.000000000 PM,175
1302,"Odi","Start Point","4.9580283","6.3626911","","",280,"Odi","",02-AUG-22 09.47.13.000000000 PM,176
1306,"Emuoha FEEDER","Start point","4.9013262","6.8431746","","",313,"Emuoha FEEDER","",02-AUG-22 09.47.13.000000000 PM,177
1456,"NKAKANI","EKANI 11kV Feeder","4.8322335"," 6.976786","","",334,"NKAKANI","",02-AUG-22 09.47.13.000000000 PM,178
2899,"LEOPARD A","","4.9875847","8.3319448","","",255,"LEOPARD A","",02-AUG-22 09.47.13.000000000 PM,179
2987,"STALLION","","4.8084052","7.0412746","","",984,"STALLION","",02-AUG-22 09.47.13.000000000 PM,180
5988,"SPAR","SPAR 11KV","4.775329 ","7.0130737","","",409,"SPAR","",02-AUG-22 09.47.13.000000000 PM,181
7645,"Hotel Presidential","Virtual pole","4.8297902","7.0049191","","",875,"Hotel Presidential","",02-AUG-22 09.47.13.000000000 PM,182
7646,"SARS ROAD","","4.8957525","6.9996185","","",190,"SARS","",02-AUG-22 09.47.13.000000000 PM,183
7855,"Rivmetal","RIVMETAL FEEDER","4.7781406","7.1268818","","",985,"Rivmetal","",02-AUG-22 09.47.13.000000000 PM,184
7883,"NIGER MILL","","4.9920500","333333333","","",897,"NIGER MILL","",02-AUG-22 09.47.13.000000000 PM,185
8732,"KIDNEY ISLAND","Kidney Island 11kV Feeder owned by Shell","4.788244 ","7.0002902","","",367,"KIDNEY ISLAND","",02-AUG-22 09.47.13.000000000 PM,186
8754,"FOUR POINT","","5.1690362","7.7207938","","",200,"FOUR POINT","",02-AUG-22 09.47.13.000000000 PM,187
8854,"AIRPORT 11","","4.9814299","6.9469143","","",315,"AIRPORT 11","",02-AUG-22 09.47.13.000000000 PM,188
8967,"LOCAL GOVERNMENT","Now linked to NDu","4.9730695","6.1140589","","",268,"LOCAL GOVERNMENT","",02-AUG-22 09.47.13.000000000 PM,189
8977,"GALBA","","4.8047154","7.0401044","","",786,"GALBA","",02-AUG-22 09.47.13.000000000 PM,190
8978,"FIRST ALUMINIUM","","4.8098216","7.0264006","","",908,"FIRST ALUMINIUM","",02-AUG-22 09.47.13.000000000 PM,191
8981,"4 POINT SHERATON","","","","","",200,"4 POINT SHERATON","",02-AUG-22 09.47.13.000000000 PM,192
8982,"ANANTIGHA","","","","","",257,"ANANTIGHA","",02-AUG-22 09.47.13.000000000 PM,193
8983,"ELIOPARANWO","","","","","",898,"ELIOPARANWO","",02-AUG-22 09.47.13.000000000 PM,194
8984,"KALA","","","","","",898,"KALA","",02-AUG-22 09.47.13.000000000 PM,195
90723,"EGBELU","","4.8804695","6.9512767","","",907,"Egbelu","",02-AUG-22 09.47.13.000000000 PM,196
9855,"UniCem","transformer blew up","4.9900984","8.3256944","","",997,"UniCem","",02-AUG-22 09.47.13.000000000 PM,197
9856,"DELTA","","4.898477 ","6.9234292","","",316,"DELTA","",02-AUG-22 09.47.13.000000000 PM,198
9857,"ABUJA","","4.9022788","6.9203592","","",316,"ABUJA","",02-AUG-22 09.47.13.000000000 PM,199
9876,"SENATE 11KV FEEDER","","4.8939479","6.9155298","","",316,"SENATE 11KV FEEDER","",02-AUG-22 09.47.13.000000000 PM,200
9877,"Juanita Hotel","","4.7877991"," 7.014974","","",976,"Juanita Hotel","",02-AUG-22 09.47.13.000000000 PM,201
9878,"NNPC","","4.81581 /","333333333","","",986,"NNPC","",02-AUG-22 09.47.13.000000000 PM,202
9879,"Dangote","","5.0130683"," / 8.3192","","",998,"Dangote","",02-AUG-22 09.47.13.000000000 PM,203
9901,"UST FEEDER","UST Campus 11KV feeder begins here","4.7958219","6.9824934","","",152,"UST FEEDER","",02-AUG-22 09.47.13.000000000 PM,204
9903,"ANANTIGHA","","4.9311508","8.3304995","","",787,"ANANTIGA","",02-AUG-22 09.47.13.000000000 PM,205
9913,"Water Board","","4.9925729","8.3446105","","",253,"Water Board","",02-AUG-22 09.47.13.000000000 PM,206
9941,"Golf Estate","","4.801210 "," 7.056054","","",260,"Golf Estate","",02-AUG-22 09.47.13.000000000 PM,207
9944,"AFAM ROAD","","","","","",187,"AFAM ROAD","",02-AUG-22 09.47.13.000000000 PM,208
9945,"SHELL ESTATE","","","","","",190,"SHELL ESTATE","",02-AUG-22 09.47.13.000000000 PM,209
9946,"AZUABIE","","","","","",155,"AZUABIE","",02-AUG-22 09.47.13.000000000 PM,210
1057,"Feeder 11 New","Locationarara","Lati12345","LONGI","LONGI","",315,"","3242",02-AUG-22 11.17.16.000000000 PM,212
1058,"Feeder 11 New444","Locationarara","Lati12345","longi1111","longi1111","",315,"","3242",02-AUG-22 11.18.52.000000000 PM,214
1059,"DT 11111111","Locationararawwww","Lati12333","1234","1234","",315,"","3242",03-AUG-22 02.37.41.000000000 AM,215
1060,"Circular Road","loc","LAT","123","123","",512,"","3242",03-AUG-22 08.59.32.000000000 AM,216
1008,"Feeder 1 GRA Phase 8","GRA Phase 8, By GU Ake Road, Port Harcourt, River State","4.8461428","7.0144834","7.0144834","",1002,"","4663",26-JUL-24 02.27.02.000000000 PM,297
1193,"UNICAL_B","","4.9530588","8.3394474","","",211,"UNICAL","",18-SEP-24 03.18.07.000000000 PM,337
9999,"--------------------","","","","","",250,"","42642",12-DEC-24 11.22.42.000000000 AM,378
1000,"Okemini","SARS Road","4.893473","6.9848796","6.9848796","",1001,"","3108",06-MAR-24 04.39.42.000000000 PM,217
1002,"OKURU A","","4.8012118"," 7.052701","","",163,"","33354",20-MAR-24 06.41.47.000000000 PM,257
1003,"OKURU _A_B","","4.8012118"," 7.052701","","",163,"","33354",20-MAR-24 06.42.08.000000000 PM,258
1004,"OKURU _A_A_B","","4.8012118"," 7.052701","","",163,"","33354",20-MAR-24 06.42.55.000000000 PM,259
1005,"OKURU _A_A_A_B","","4.8012118"," 7.052701","","",163,"","33354",20-MAR-24 06.43.16.000000000 PM,260
1006,"OKURU _A_A_A_A_B","","4.8012118"," 7.052701","","",163,"","33354",20-MAR-24 06.44.14.000000000 PM,261
1007,"OKURU _A_A_A_A_A_B","","4.8012118"," 7.052701","","",163,"","33354",20-MAR-24 06.44.17.000000000 PM,262
1245,"Bacoco","","","","","",472,"","42426",04-APR-24 10.03.04.658239000 AM,277
1246,"Ikot Enebong","","","","","",472,"","42426",04-APR-24 10.03.39.836648000 AM,278
1009,"Feeder 2 GRA Phase 8","GRA Phase 8, By GU Ake Road, Port Harcourt, River State","4.84618","7.01431","7.01431","",1002,"","4663",26-JUL-24 02.30.24.000000000 PM,298
1107,"Ozuoba","","","","","",907,"","",13-SEP-24 03.40.18.000000000 PM,317
1251,"SHELTER AFRIQUE B","","5.0251393","7.9536675","","",303,"SHELTER AFRIQUE B","",13-SEP-24 03.46.56.000000000 PM,318
1010,"Opobo Feeder","Opobo Nkoro","4.51290","7.52754","7.52754","",1004,"","5309",26-SEP-24 10.59.12.000000000 AM,357
